2018-01-15T10:18:00.000-08:00,Titanic 2400,962f587c-7645-4ba0-a028-409251ea286a,37,enabled,connected,enabled,39.065426,-121.30218
2018-01-15T10:18:00.000-08:00,Titanic 2500,72cd3b04-d84b-425c-8818-c59e328f9f59,9,enabled,disabled,disabled,40.030964,-122.46172
2018-01-15T10:19:00.000-08:00,iFruit 3,39f94afa-22b9-4640-91db-4ec9de09b840,84,enabled,enabled,disabled,38.19962,-119.81718
2018-01-15T10:19:00.000-08:00,iFruit 3,2bbc5257-8bd3-4111-82f2-76e0ccc0dd52,69,enabled,disabled,connected,34.356792,-118.25163
2018-01-15T10:19:00.000-08:00,iFruit 3A,1b8283a7-422d-436a-a2d9-07f7bbef518c,85,enabled,enabled,connected,38.834427,-121.20633
2018-01-15T10:19:00.000-08:00,iFruit 4,1122c3e2-3ac5-4a1a-a708-a97f94f6083e,23,enabled,enabled,enabled,33.592087,-111.85295
2018-01-15T10:19:00.000-08:00,iFruit 4A,605236d1-d23a-48f8-a4c0-41c27ad16607,53,enabled,disabled,connected,33.62251,-111.308136
2018-01-15T10:19:00.000-08:00,iFruit 4A,89280c2f-6ce2-4cd8-8a6d-ff34001bd543,87,enabled,enabled,disabled,39.506386,-119.726685
2018-01-15T10:19:00.000-08:00,MeeToo 1.0,f873a4ff-baa8-4407-8439-578aa7a1b01b,72,enabled,enabled,enabled,34.983753,-111.75747
2018-01-15T10:19:00.000-08:00,MeeToo 2.0,0a33cee6-56be-4ad6-8070-9de92224eaec,27,disabled,disabled,enabled,0.0,0.0
2018-01-15T10:19:00.000-08:00,MeeToo 3.0,10c2d6b8-4a7d-4b22-8aaa-01037f388e4a,79,enabled,enabled,connected,36.627922,-115.07725
2018-01-15T10:19:00.000-08:00,MeeToo 3.1,1990482b-5412-45ed-ac00-799a3d5ef89a,43,enabled,enabled,enabled,37.106304,-121.77633
2018-01-15T10:19:00.000-08:00,MeeToo 4.0,054908a7-0b65-4ea0-8649-a2ed2b11ed48,83,enabled,enabled,enabled,34.30033,-118.328064
2018-01-15T10:19:00.000-08:00,Ronin Novelty Note 2,ee068fb5-6c7a-4dd5-9df8-ce92a98a6f6c,72,enabled,disabled,connected,34.587494,-117.982864
2018-01-15T10:19:00.000-08:00,Ronin Novelty Note 2,825f0887-ecd4-4567-9649-aeaa4efe6517,24,enabled,enabled,connected,39.08422,-121.02295
2018-01-15T10:19:00.000-08:00,Ronin S1,63857c76-fc50-4462-8286-1f94f227c802,73,enabled,enabled,enabled,32.74442,-116.97527
2018-01-15T10:19:00.000-08:00,Ronin S1,1530e986-839e-4185-8557-9e32e1ccdcfe,60,enabled,enabled,enabled,36.516968,-114.971855
2018-01-15T10:19:00.000-08:00,Sorrento F00L,d25c5a6b-1f1f-4823-bbc5-3a31be33d928,91,enabled,connected,enabled,32.868607,-116.739975
2018-01-15T10:19:00.000-08:00,Sorrento F01L,73218515-099b-49c9-acc0-2cada2f03387,71,enabled,enabled,enabled,32.38371,-111.70747
2018-01-15T10:19:00.000-08:00,Sorrento F20L,e2464d1a-c8de-4e45-a678-d821b308fd37,75,enabled,disabled,enabled,34.04704,-117.85336
2018-01-15T10:19:00.000-08:00,Sorrento F21L,c23900f6-60e2-48e1-9b3a-072484c2973f,48,enabled,enabled,enabled,34.332806,-118.0016
2018-01-15T10:19:00.000-08:00,Sorrento F24L,6c533101-f37c-43cb-8cfb-6c574d8c9fc1,42,enabled,disabled,enabled,37.516567,-121.64146
2018-01-15T10:19:00.000-08:00,Sorrento F30L,e97a87f5-12b7-46fb-ae83-a5ef89f1320a,92,enabled,disabled,connected,37.51759,-121.85622
2018-01-15T10:19:00.000-08:00,Sorrento F31L,31e9ac37-6cdd-42af-b055-68a9fa9dbc21,91,enabled,connected,connected,45.887054,-122.91372
2018-01-15T10:19:00.000-08:00,Sorrento F41L,ece2c3cf-a22d-4cee-a922-4d2e04cfd90e,59,enabled,enabled,connected,37.04784,-119.22257
2018-01-15T10:19:00.000-08:00,Sorrento F41L,12353b84-34ed-4cf9-8446-b465a3c47903,72,enabled,enabled,enabled,36.404984,-113.75654
2018-01-15T10:19:00.000-08:00,Sorrento F41L,87416dcf-fcbc-4e75-ba9d-023b09a971c5,46,enabled,disabled,enabled,37.499046,-122.21729
2018-01-15T10:19:00.000-08:00,Sorrento F41L,bbf7f99c-c274-4f0f-be70-0e89bff260e2,39,enabled,disabled,enabled,34.37449,-117.889565
2018-01-15T10:19:00.000-08:00,Sorrento F41L,93032079-2765-4099-b795-958fd51b5acb,67,enabled,enabled,enabled,36.35091,-119.17391
2018-01-15T10:19:00.000-08:00,Sorrento F41L,baca5776-d1b9-4b90-90e2-e518a1bebb35,62,enabled,enabled,enabled,36.393238,-114.694565
2018-01-15T10:19:00.000-08:00,Sorrento F41L,c1110a4c-38d2-4ee8-99e8-09df67f337a7,27,enabled,enabled,enabled,34.466724,-117.922554
2018-01-15T10:19:00.000-08:00,Sorrento F41L,060a5888-ebb4-4fd4-b67d-3ddfe65bf683,29,enabled,enabled,connected,37.87907,-122.08086
2018-01-15T10:19:00.000-08:00,Sorrento F41L,fae9a09e-3cbd-4d0d-99a4-cb529f393612,58,enabled,connected,connected,45.1221,-117.91772
2018-01-15T10:19:00.000-08:00,Sorrento F41L,0c2dd45f-3099-4212-9d95-548d859b914b,33,enabled,connected,enabled,34.431816,-117.530624
2018-01-15T10:19:00.000-08:00,Sorrento F41L,3fcf4d67-bf64-46ee-8954-94f2acbc7e83,64,enabled,enabled,enabled,34.65002,-118.15534
2018-01-15T10:19:00.000-08:00,Sorrento F41L,64b3b220-c725-4a16-b62c-92fc1c324d3e,22,enabled,disabled,disabled,34.24398,-118.146774
2018-01-15T10:19:00.000-08:00,Titanic 1000,c3b90e9f-49c5-4245-a546-2ded0af006f6,5,enabled,connected,enabled,38.297913,-121.893425
2018-01-15T10:19:00.000-08:00,Titanic 1000,e4df275c-5e75-49d1-b225-65c9bae264a1,44,enabled,enabled,enabled,38.267326,-122.23283
2018-01-15T10:19:00.000-08:00,Titanic 1100,e270f4a2-863b-4686-8b23-d6b46f4a18bf,54,enabled,enabled,enabled,34.621483,-118.33379
2018-01-15T10:19:00.000-08:00,Titanic 2000,bbbde744-f799-4a62-acbe-b636d33e7a91,13,enabled,disabled,connected,34.384594,-117.91178
2018-01-15T10:19:00.000-08:00,Titanic 2100,971abfcd-0088-418c-bb62-c7f88119d8eb,25,enabled,connected,enabled,34.82873,-118.4117
2018-01-15T10:19:00.000-08:00,Titanic 2300,d550d08f-6c7e-4bde-abcb-2965709bef9e,4,enabled,enabled,connected,37.95417,-122.517624
2018-01-15T10:19:00.000-08:00,Titanic 2500,89ee8889-a973-4031-a993-8e9ef0d4ff69,22,enabled,connected,connected,33.909363,-117.76797
2018-01-15T10:19:00.000-08:00,Titanic 4000,54994404-ab72-4e5f-a6bc-0d485b3806f2,0,enabled,enabled,enabled,35.482613,-117.51918
2018-01-15T10:20:00.000-08:00,iFruit 3,3d21e2b3-52bb-4c3f-bcf7-32a4b8f80b1e,54,enabled,enabled,connected,33.6676,-112.040596
2018-01-15T10:20:00.000-08:00,iFruit 5,5ee83039-0aeb-4f1e-9d99-1f9e641c5152,65,enabled,connected,enabled,36.247402,-114.873535
2018-01-15T10:20:00.000-08:00,MeeToo 1.0,a8569e2e-cb41-4ba6-9d1d-efeaada53951,60,enabled,connected,connected,34.54436,-118.246254
2018-01-15T10:20:00.000-08:00,MeeToo 2.0,d1f0c28f-4c27-40c0-9f7d-23196b64dc5d,46,enabled,connected,enabled,39.606472,-120.566505
2018-01-15T10:20:00.000-08:00,MeeToo 2.0,e8b73fd3-175f-4603-b0c0-214ae200acf4,56,enabled,enabled,enabled,34.19679,-117.3132
2018-01-15T10:20:00.000-08:00,MeeToo 3.0,774aad39-0993-495d-aa2c-f6cb2d90ef67,83,enabled,connected,connected,39.898808,-122.22924
2018-01-15T10:20:00.000-08:00,MeeToo 4.1,1201b811-70c7-4b88-8009-0f2ebfaba02e,27,enabled,enabled,enabled,34.532063,-119.41885
2018-01-15T10:20:00.000-08:00,MeeToo 5.1,6c8a8962-d176-4fd4-baf5-80f797ff7edc,83,enabled,enabled,enabled,42.72874,-122.74335
2018-01-15T10:20:00.000-08:00,Ronin Novelty Note 1,44d8b8c8-bc68-4dc4-b33c-003131cf19b1,33,enabled,enabled,enabled,38.17965,-122.02215
2018-01-15T10:20:00.000-08:00,Ronin Novelty Note 2,3a5b9aa0-e641-442a-994f-c853285c94ec,22,enabled,disabled,enabled,34.795444,-118.30247
2018-01-15T10:20:00.000-08:00,Ronin S1,3a142c8e-6b50-4091-a39f-fd4c248bd3bf,29,enabled,enabled,enabled,37.497112,-121.86312
2018-01-15T10:20:00.000-08:00,Ronin S2,1a7eadcd-ac8b-451d-a906-a810a90602a1,62,enabled,enabled,enabled,37.877266,-119.74908
2018-01-15T10:20:00.000-08:00,Sorrento F00L,1df8ffec-192a-4cd1-91cb-8cd6edc6c38e,33,enabled,connected,connected,36.47679,-114.598175
2018-01-15T10:20:00.000-08:00,Sorrento F00L,38650442-7980-40cd-b3be-d7b2826b1f57,24,enabled,enabled,disabled,38.983887,-121.1096
2018-01-15T10:20:00.000-08:00,Sorrento F01L,456833c0-4bdd-4e01-bc1e-67e5d425d785,71,enabled,disabled,connected,33.03375,-116.51128
2018-01-15T10:20:00.000-08:00,Sorrento F10L,bc4555a4-10b9-4b3b-bdaf-6b70c7194d26,67,enabled,enabled,enabled,34.604065,-118.35753
2018-01-15T10:20:00.000-08:00,Sorrento F11L,ad3a6cf1-7ff2-4128-98e5-46e6a75d779a,46,enabled,connected,connected,34.43441,-116.511444
2018-01-15T10:20:00.000-08:00,Sorrento F20L,b55a5edb-8921-402b-9a3d-1b2611a4d7dc,73,enabled,disabled,disabled,38.813087,-120.91702
2018-01-15T10:20:00.000-08:00,Sorrento F24L,c543f803-51c0-4b29-b8e5-b5d7db9e8dc2,90,enabled,enabled,enabled,36.49622,-120.65582
2018-01-15T10:20:00.000-08:00,Sorrento F24L,1c857bd4-0181-4509-927f-a8bf55cd58c4,37,enabled,disabled,enabled,34.10477,-112.01744
2018-01-15T10:20:00.000-08:00,Sorrento F30L,7f28a175-e2c2-4d9a-905e-1f46411f33b8,77,enabled,disabled,disabled,34.83828,-114.20374
2018-01-15T10:20:00.000-08:00,Sorrento F31L,5cbc104d-0cc6-4c13-8823-f78de7576c60,55,enabled,enabled,connected,33.149456,-116.65872
2018-01-15T10:20:00.000-08:00,Sorrento F33L,c8787f1c-e525-4237-8ed8-6f2e11f2b3d5,80,enabled,disabled,disabled,39.41481,-114.49434
2018-01-15T10:20:00.000-08:00,Sorrento F33L,0dad6e6a-f2b9-43a9-b0a9-0fc1c2621c2b,74,enabled,disabled,enabled,37.1173,-121.9738
2018-01-15T10:20:00.000-08:00,Sorrento F41L,118c905f-cd90-40e0-8dba-37363f7429fb,34,enabled,connected,connected,45.842953,-122.75994
2018-01-15T10:20:00.000-08:00,Sorrento F41L,f6b7e3a3-6cce-4c56-b82e-7477a5ad9111,70,enabled,connected,enabled,36.823837,-119.16484
2018-01-15T10:20:00.000-08:00,Sorrento F41L,d532753f-e37b-4831-8aa1-fc21b1c0f3c8,58,enabled,disabled,connected,37.253506,-121.69015
2018-01-15T10:20:00.000-08:00,Sorrento F41L,420544ae-17b8-4665-a9aa-cc34ae7487f0,38,enabled,connected,connected,36.138424,-114.73427
2018-01-15T10:20:00.000-08:00,Sorrento F41L,13b48442-749e-4341-9392-d3b91dd2f994,36,enabled,disabled,disabled,38.273224,-122.47193
2018-01-15T10:20:00.000-08:00,Sorrento F41L,19c47c6c-33ec-43c9-9eed-85789ffc5f66,61,enabled,enabled,connected,38.787373,-121.18948
2018-01-15T10:20:00.000-08:00,Sorrento F41L,4dd01cc3-7fb8-4e36-a781-2180f5069eff,73,enabled,enabled,connected,34.22864,-117.75239
2018-01-15T10:20:00.000-08:00,Sorrento F41L,e8c8ecb1-6cdd-4832-89f9-9e7a2c59c3e7,40,enabled,disabled,disabled,37.41838,-121.649475
2018-01-15T10:20:00.000-08:00,Sorrento F41L,b5cfeb49-ea7b-41b2-9a5e-091490ea0127,32,enabled,disabled,enabled,34.02708,-108.682396
2018-01-15T10:20:00.000-08:00,Sorrento F41L,034a3f07-3ed7-45bd-a318-ff2c3eb47d47,50,enabled,enabled,enabled,34.074936,-111.76936
2018-01-15T10:20:00.000-08:00,Titanic 1000,4d5863bd-7865-4f1d-9cb6-7ddd8601f593,22,enabled,connected,enabled,44.45742,-123.18353
2018-01-15T10:20:00.000-08:00,Titanic 1000,cdf96815-65f0-442f-a4f8-3b1e88244548,37,enabled,enabled,enabled,34.065704,-117.93026
2018-01-15T10:20:00.000-08:00,Titanic 1100,c5cff25c-43d7-4250-a46c-0015cd0822b6,33,enabled,enabled,enabled,39.571507,-114.47251
2018-01-15T10:20:00.000-08:00,Titanic 2000,4b66f9d4-4ab0-4347-a0ec-aade9c5c6a86,21,enabled,enabled,enabled,37.558876,-122.12835
2018-01-15T10:20:00.000-08:00,Titanic 2100,c58a3a77-c397-4279-b2ed-209b3cab0aa5,34,enabled,enabled,connected,34.710514,-119.438095
2018-01-15T10:20:00.000-08:00,Titanic 2100,c8e2c499-3a76-4a1e-bd89-7f37ec51a3e8,68,disabled,enabled,enabled,0.0,0.0
2018-01-15T10:20:00.000-08:00,Titanic 2500,98098ab4-6004-40e1-a1e7-bed6c8d5b9f8,53,enabled,enabled,disabled,36.340168,-120.73561
2018-01-15T10:20:00.000-08:00,Titanic 3000,88d7ae98-eab9-4785-bb9f-c74a4104eff8,58,enabled,enabled,connected,34.61037,-118.77417
2018-01-15T10:21:00.000-08:00,iFruit 1,93df0adb-b626-4f33-a710-0837c3b39177,58,enabled,disabled,enabled,34.62254,-118.08059
2018-01-15T10:21:00.000-08:00,MeeToo 1.0,16c2248c-6f16-44c9-ae5d-0cd957bd42b9,79,enabled,disabled,connected,36.39698,-120.86197
2018-01-15T10:21:00.000-08:00,MeeToo 2.0,3e94a203-3236-43d8-acdd-092b5a656e0c,83,enabled,enabled,connected,33.919407,-117.86074
2018-01-15T10:21:00.000-08:00,MeeToo 3.0,f7edf502-1886-4188-89c1-0dd0aa696a04,73,enabled,disabled,enabled,45.389214,-117.478096
2018-01-15T10:21:00.000-08:00,MeeToo 3.1,dde0664b-0d18-4d25-a576-79a6293802d7,96,enabled,connected,enabled,34.43279,-117.87854
2018-01-15T10:21:00.000-08:00,MeeToo 3.1,58ef8e42-ef0f-403c-848f-3377f1622ebe,81,enabled,connected,connected,32.094215,-111.47318
2018-01-15T10:21:00.000-08:00,MeeToo 5.1,8a9d4e3c-4cfe-4e20-8d7a-cc234d06e5df,85,enabled,disabled,disabled,35.542896,-120.30754
2018-01-15T10:21:00.000-08:00,Ronin S2,ecce6f12-b212-4c98-ac94-a5f0778594df,44,enabled,disabled,enabled,38.294544,-121.99815
2018-01-15T10:21:00.000-08:00,Sorrento F00L,22788bc2-4d7e-4638-bd74-987e32b40070,74,enabled,enabled,enabled,33.88868,-118.18635
2018-01-15T10:21:00.000-08:00,Sorrento F00L,67fb4339-2ce4-4ad4-b003-dfd813906e82,92,enabled,enabled,enabled,33.904705,-117.89579
2018-01-15T10:21:00.000-08:00,Sorrento F00L,74c0a42d-7c00-48f2-8c06-25c33f77f2d6,50,enabled,connected,enabled,38.70783,-121.28838
2018-01-15T10:21:00.000-08:00,Sorrento F00L,ec7e6753-c11b-4f54-8a71-8295d7866366,74,enabled,enabled,enabled,38.198624,-122.292046
2018-01-15T10:21:00.000-08:00,Sorrento F00L,5ed42bc1-57c8-4ed8-92b2-108b7b6787cf,95,enabled,enabled,disabled,33.1808,-116.930115
2018-01-15T10:21:00.000-08:00,Sorrento F00L,922ce9b9-92f0-464e-a2de-32480bdafe52,82,enabled,enabled,enabled,36.316128,-119.0608
2018-01-15T10:21:00.000-08:00,Sorrento F10L,67308ece-e9e3-41a6-8ca7-13c280894258,47,enabled,disabled,disabled,45.0375,-117.84797
2018-01-15T10:21:00.000-08:00,Sorrento F11L,62e30f63-fd9e-4d45-be3b-da51ff743500,24,enabled,disabled,enabled,42.243,-123.713875
2018-01-15T10:21:00.000-08:00,Sorrento F21L,af049822-df0b-496c-b6ba-00c273c8fe3c,39,disabled,disabled,enabled,0.0,0.0
2018-01-15T10:21:00.000-08:00,Sorrento F22L,b931bdb4-6e3b-4699-88f3-ab395ecbc13f,90,enabled,enabled,connected,40.364918,-122.42372
2018-01-15T10:21:00.000-08:00,Sorrento F22L,189c4635-def8-4afc-a3c6-a2a06506077e,83,enabled,disabled,enabled,37.541706,-122.06181
2018-01-15T10:21:00.000-08:00,Sorrento F24L,f141aa72-f0ea-4e61-b2bc-1e1dabcc926f,22,enabled,enabled,connected,39.4993,-120.75399
2018-01-15T10:21:00.000-08:00,Sorrento F31L,28cfa4f0-8635-46e5-b3e0-44b8126f215a,52,enabled,disabled,connected,33.301826,-108.82988
2018-01-15T10:21:00.000-08:00,Sorrento F41L,cd0a0626-727d-47bd-b6e8-ee58f2c37831,32,enabled,enabled,enabled,42.75518,-122.613434
2018-01-15T10:21:00.000-08:00,Sorrento F41L,c93af72c-d4ea-438e-9e00-6ea4bdf44d7f,27,enabled,connected,enabled,35.61419,-117.54704
2018-01-15T10:21:00.000-08:00,Sorrento F41L,d05340d2-8df3-45f1-af55-e17a86977e1c,49,disabled,enabled,connected,0.0,0.0
2018-01-15T10:21:00.000-08:00,Sorrento F41L,ae30df1c-788b-482a-8221-9a2201327b7c,44,enabled,connected,connected,38.374447,-122.042435
2018-01-15T10:21:00.000-08:00,Sorrento F41L,059c124b-4e78-4ef3-9dd3-9561658ce8e8,35,enabled,connected,enabled,36.91458,-119.54281
2018-01-15T10:21:00.000-08:00,Sorrento F41L,e2d4bd9b-2925-4b70-82dc-d85d108e4c8c,37,enabled,connected,enabled,33.54315,-111.29234
2018-01-15T10:21:00.000-08:00,Sorrento F41L,d6eeea76-037c-4795-898d-185dc27279c6,25,enabled,enabled,enabled,44.613495,-122.94753
2018-01-15T10:21:00.000-08:00,Sorrento F41L,e5abf5ce-12e3-4ed8-b16d-eb2834ba0ff8,52,enabled,disabled,enabled,34.37137,-118.05081
2018-01-15T10:21:00.000-08:00,Sorrento F41L,a98febad-683c-4b96-9e50-9615418ce1a2,38,enabled,disabled,connected,39.522114,-120.611435
2018-01-15T10:21:00.000-08:00,Titanic 1000,37c26a62-2ba7-42d8-97c8-6b6041769e4b,53,enabled,enabled,disabled,33.56547,-111.47013
2018-01-15T10:21:00.000-08:00,Titanic 1000,1fca34a6-6ecc-47f6-aa4c-fe49bd2e9808,23,enabled,enabled,enabled,45.282078,-117.653465
2018-01-15T10:21:00.000-08:00,Titanic 1000,e5acc2b2-dc4d-4353-8098-b263942cd8e4,11,disabled,enabled,connected,0.0,0.0
2018-01-15T10:21:00.000-08:00,Titanic 1000,2125d719-7079-4f66-8319-4d33faf274a1,52,enabled,disabled,enabled,37.948067,-122.162636
2018-01-15T10:21:00.000-08:00,Titanic 1100,327982ca-ef1d-4907-947c-1167d51320db,36,enabled,enabled,connected,38.603615,-120.86537
2018-01-15T10:21:00.000-08:00,Titanic 1100,5b98ad9d-f1d2-4ee6-b78e-7d5113d3812b,46,enabled,enabled,connected,38.19104,-119.66439
2018-01-15T10:21:00.000-08:00,Titanic 2000,1c099e45-71bc-4807-a1b9-6328d3cee13b,18,enabled,connected,connected,32.995487,-116.787544
2018-01-15T10:21:00.000-08:00,Titanic 2100,d538d118-0472-4e4b-8268-1bda9365b052,68,enabled,connected,connected,36.003025,-114.75503
2018-01-15T10:21:00.000-08:00,Titanic 2200,cdaa1ecc-572c-4e08-ac36-9fd4d3c6b32d,49,disabled,enabled,enabled,0.0,0.0
2018-01-15T10:21:00.000-08:00,Titanic 2200,8d431088-c262-4f26-8d2f-9fb558cc6242,12,enabled,enabled,enabled,39.648857,-120.51652
2018-01-15T10:21:00.000-08:00,Titanic 3000,43005e95-2cd6-4257-b277-cc4fe93e8454,69,enabled,enabled,connected,37.577797,-121.60892
2018-01-15T10:21:00.000-08:00,Titanic DeckChairs,ab490333-04dc-4954-889e-07158f0f5fca,37,enabled,disabled,connected,34.01347,-117.93248
2018-01-15T10:22:00.000-08:00,iFruit 1,5aa621ef-7cfb-467e-afdc-e566c7e33d81,70,enabled,enabled,disabled,33.11535,-116.39161
2018-01-15T10:22:00.000-08:00,iFruit 1,dca64bb7-ba97-4a45-881f-97331f8fd203,77,enabled,enabled,disabled,35.228897,-115.644035
2018-01-15T10:22:00.000-08:00,iFruit 2,197baa4e-bbcd-4a13-9d0f-3e09b46b5bf4,69,enabled,enabled,connected,42.83843,-122.71553
2018-01-15T10:22:00.000-08:00,iFruit 2,6204a8bf-ef8b-4dc5-b2c7-a1b23ea13f91,31,enabled,enabled,enabled,34.0903,-117.49983
2018-01-15T10:22:00.000-08:00,iFruit 4A,9ac5559e-34a7-4850-9e9e-3b199c339f58,64,enabled,disabled,connected,33.43346,-116.63585
2018-01-15T10:22:00.000-08:00,MeeToo 1.0,b1900228-2e28-473b-b3bf-e33c237b8537,82,enabled,enabled,enabled,35.985794,-119.190285
2018-01-15T10:22:00.000-08:00,MeeToo 1.0,161b447d-ed01-4d2f-8aa7-ef704b50c52e,30,enabled,enabled,enabled,38.301575,-122.11333
2018-01-15T10:22:00.000-08:00,MeeToo 2.0,de466614-4c8b-42f6-afea-5b5aec25d590,31,enabled,enabled,connected,39.132862,-119.58606
2018-01-15T10:22:00.000-08:00,MeeToo 3.0,aed55ed3-b719-4f80-bcb0-68763bf58dbc,27,enabled,enabled,disabled,39.037598,-121.10303
2018-01-15T10:22:00.000-08:00,MeeToo 3.0,89d5741d-eab8-451b-8e72-3977e21edec8,95,enabled,disabled,connected,34.610863,-117.841515
2018-01-15T10:22:00.000-08:00,MeeToo 3.0,4c0b71c7-a5ca-4b14-8115-cdb4b93fe91e,97,enabled,enabled,connected,34.77069,-116.16412
2018-01-15T10:22:00.000-08:00,MeeToo 3.1,80e25672-8483-474c-a4cd-af0a1e97a612,70,enabled,disabled,enabled,35.048748,-114.421234
2018-01-15T10:22:00.000-08:00,MeeToo 3.1,f37d9b8c-2347-41ff-b418-51fe9c11a7b6,25,enabled,disabled,disabled,42.840042,-122.69916
2018-01-15T10:22:00.000-08:00,MeeToo 4.1,580ca023-a56e-4c57-96b6-fef0614453ce,95,enabled,enabled,enabled,37.838184,-119.887405
2018-01-15T10:22:00.000-08:00,Ronin Novelty Note 1,805e4d3b-1123-4504-9465-ce16589667d0,65,enabled,enabled,enabled,38.054855,-122.1573
2018-01-15T10:22:00.000-08:00,Ronin Novelty Note 4,99cc51c8-2e6d-4fd5-b3fc-fd5253988b8a,45,enabled,enabled,enabled,37.156433,-122.05352
2018-01-15T10:22:00.000-08:00,Ronin S2,e63a8a4a-4bfe-482c-9fc4-9a58812f5a7f,25,enabled,disabled,connected,33.6863,-111.836464
2018-01-15T10:22:00.000-08:00,Sorrento F00L,da96cc23-8473-4f31-8d05-8b345a54c115,33,enabled,disabled,enabled,33.96192,-117.97744
2018-01-15T10:22:00.000-08:00,Sorrento F00L,e23079ad-c237-406c-a16a-980eb8fd1ada,42,enabled,disabled,connected,34.209473,-117.90261
2018-01-15T10:22:00.000-08:00,Sorrento F00L,a961d53f-be79-4710-bacf-e5797e4174cf,27,enabled,disabled,enabled,34.646267,-117.949234
2018-01-15T10:22:00.000-08:00,Sorrento F01L,5eaaed3f-8d58-4cf5-aecc-46a1808e047c,99,disabled,enabled,connected,0.0,0.0
2018-01-15T10:22:00.000-08:00,Sorrento F01L,4acb2331-284b-4da0-8fd9-126d3a2d51f9,87,enabled,disabled,enabled,38.02601,-121.754105
2018-01-15T10:22:00.000-08:00,Sorrento F10L,2657935e-1ed9-4375-9a54-1920adc83cdd,78,enabled,enabled,disabled,33.28322,-112.00481
2018-01-15T10:22:00.000-08:00,Sorrento F10L,a3cc38d5-e7ee-49b2-aac4-a668eeed98a5,99,enabled,connected,disabled,34.50063,-118.18313
2018-01-15T10:22:00.000-08:00,Sorrento F11L,727e4299-7549-4b51-9193-ab9b7272acfe,23,enabled,enabled,connected,33.479275,-116.690285
2018-01-15T10:22:00.000-08:00,Sorrento F20L,8df31d93-1102-45c1-ae21-4c92dda12189,47,enabled,connected,enabled,33.995373,-118.088196
2018-01-15T10:22:00.000-08:00,Sorrento F41L,fd487722-a422-4b3d-bdf3-ba09b82513ad,29,enabled,enabled,enabled,34.222,-118.10174
2018-01-15T10:22:00.000-08:00,Sorrento F41L,a5895234-9981-49a7-bc70-dd07e8f503b5,37,enabled,enabled,enabled,39.289684,-120.32088
2018-01-15T10:22:00.000-08:00,Sorrento F41L,7f8a3162-a573-4121-b4c9-a29f48e9fbae,60,enabled,enabled,enabled,34.2785,-118.100334
2018-01-15T10:22:00.000-08:00,Sorrento F41L,8bd739b9-3a8f-40f5-b9cf-5e30f241f5c9,42,enabled,enabled,enabled,37.80539,-121.465805
2018-01-15T10:22:00.000-08:00,Sorrento F41L,a524d990-879e-4d41-8596-4c75a65354ef,22,enabled,connected,connected,34.508427,-118.13656
2018-01-15T10:22:00.000-08:00,Sorrento F41L,e6155bc9-a6ae-4194-8abd-1ddeb36790a3,26,enabled,enabled,enabled,45.05229,-117.57131
2018-01-15T10:22:00.000-08:00,Sorrento F41L,99a93ac5-19a6-4123-91f6-08c695d7b6e0,39,enabled,enabled,enabled,39.18745,-119.396
2018-01-15T10:22:00.000-08:00,Titanic 1100,ef495293-2910-4c33-96b0-9dc48ee1b8ee,36,enabled,disabled,connected,33.836735,-118.10602
2018-01-15T10:22:00.000-08:00,Titanic 1100,3f264a83-19c8-45ea-9dbb-c62034f438d3,20,enabled,disabled,enabled,39.607697,-121.18665
2018-01-15T10:22:00.000-08:00,Titanic 2000,f6364645-3c38-49c1-aaec-ef08d4c1ec2a,45,enabled,connected,enabled,34.707035,-118.16735
2018-01-15T10:22:00.000-08:00,Titanic 2100,49d48355-a02e-41a8-98c2-d8f3fc8d4833,24,enabled,enabled,connected,42.714893,-122.74956
2018-01-15T10:22:00.000-08:00,Titanic 2200,ab301cae-07e2-47bb-9954-a72aabea49dd,30,enabled,enabled,enabled,37.6974,-121.848854
2018-01-15T10:22:00.000-08:00,Titanic 2200,6c598833-8cd0-4a26-9a5e-0024a70f6630,61,enabled,enabled,enabled,34.334015,-118.039536
2018-01-15T10:22:00.000-08:00,Titanic 2200,912d0ec3-94ab-462e-8e34-718a2d1a4d4a,57,enabled,connected,disabled,45.69786,-122.98335
2018-01-15T10:22:00.000-08:00,Titanic 2300,d83de62d-bb6b-44b3-8cae-e8aa3d30064e,2,enabled,connected,enabled,38.0329,-121.42718
2018-01-15T10:22:00.000-08:00,Titanic DeckChairs,d528e960-1bcc-4969-bc00-646efe9b98aa,37,enabled,connected,enabled,39.284866,-119.67381
2018-01-15T10:23:00.000-08:00,iFruit 1,f66ecd55-3961-4374-ae60-836d9b44ecb0,62,enabled,disabled,enabled,45.62748,-121.80191
2018-01-15T10:23:00.000-08:00,iFruit 2,d86fbaa6-b71b-435f-a0bf-5304a202a70b,35,enabled,enabled,connected,34.249016,-118.36052
2018-01-15T10:23:00.000-08:00,iFruit 2,54318a39-cae9-4078-b1f6-2d8394357df1,30,enabled,disabled,enabled,33.86874,-117.33806
2018-01-15T10:23:00.000-08:00,iFruit 3,41758a55-6070-4c41-98fa-0c946be84da4,27,disabled,enabled,disabled,0.0,0.0
2018-01-15T10:23:00.000-08:00,MeeToo 1.0,de6b7b6b-5c01-4f88-948c-5733716ab410,91,enabled,enabled,connected,32.890965,-116.34325
2018-01-15T10:23:00.000-08:00,MeeToo 3.1,c40a185a-4af2-4312-8666-2879549fabbb,46,enabled,enabled,enabled,33.934277,-117.47394
2018-01-15T10:23:00.000-08:00,MeeToo 4.1,505a5af9-7c65-4a91-933a-7a6693e064c7,51,enabled,enabled,connected,33.73319,-108.99326
2018-01-15T10:23:00.000-08:00,MeeToo 5.1,f0febb21-3899-4b47-8bfe-14f97372c300,25,enabled,disabled,enabled,33.747135,-111.75296
2018-01-15T10:23:00.000-08:00,Ronin Novelty Note 3,b84cbdfb-38d5-4f26-8c7d-fcb7a565eb0d,74,enabled,connected,enabled,42.755844,-122.66668
2018-01-15T10:23:00.000-08:00,Ronin S1,a48a5559-d916-481b-84a9-5dce6272cce1,50,enabled,connected,enabled,37.914806,-122.26355
2018-01-15T10:23:00.000-08:00,Ronin S2,b13ece99-62ab-4c9f-a366-6a06bd5e877f,74,enabled,disabled,connected,38.71893,-121.21048
2018-01-15T10:23:00.000-08:00,Ronin S2,579ea45e-ceec-414c-92c2-c8713a12d800,72,enabled,enabled,connected,35.54476,-117.56381
2018-01-15T10:23:00.000-08:00,Sorrento F00L,fde887fa-df5d-42ac-bd32-6772dc8035c2,73,enabled,enabled,enabled,34.202877,-117.990875
2018-01-15T10:23:00.000-08:00,Sorrento F10L,c5a72d60-2d16-4b35-b9aa-e70c6eae7716,34,enabled,enabled,connected,38.02926,-119.874245
2018-01-15T10:23:00.000-08:00,Sorrento F10L,ef9f9934-d399-4fec-93d6-60e3d133d6d3,98,enabled,enabled,connected,33.314785,-109.18131
2018-01-15T10:23:00.000-08:00,Sorrento F20L,077ea017-3de3-4f14-8964-56ab9c987bb5,67,enabled,enabled,enabled,41.01743,-119.13745
2018-01-15T10:23:00.000-08:00,Sorrento F20L,0cd4a9e8-872f-43ed-a650-fb15b6047794,27,enabled,enabled,disabled,39.664177,-121.01834
2018-01-15T10:23:00.000-08:00,Sorrento F22L,7c06751c-f692-473e-9143-9280594a9740,65,enabled,enabled,connected,45.379715,-117.83303
2018-01-15T10:23:00.000-08:00,Sorrento F22L,40e61459-5448-4dc9-bb89-42e73a4e19cf,86,enabled,enabled,enabled,39.615925,-114.554695
2018-01-15T10:23:00.000-08:00,Sorrento F23L,8de16ae7-541b-4241-8c7c-3e374fe9f8a5,87,enabled,disabled,enabled,35.298622,-115.675224
2018-01-15T10:23:00.000-08:00,Sorrento F31L,c680ad45-b267-4d04-ab6b-23eccda2886e,65,enabled,disabled,enabled,38.15554,-120.05945
2018-01-15T10:23:00.000-08:00,Sorrento F40L,5065a504-234a-4080-bcf4-0b4a964a3b16,20,enabled,connected,connected,33.90969,-118.16674
2018-01-15T10:23:00.000-08:00,Sorrento F41L,86d93f67-0287-4e85-8472-076aa8b9fa42,37,enabled,disabled,enabled,37.521072,-122.1962
2018-01-15T10:23:00.000-08:00,Sorrento F41L,32af1a0b-ca7f-4906-9772-9eb9435e7e4c,47,enabled,enabled,disabled,34.140743,-108.812645
2018-01-15T10:23:00.000-08:00,Sorrento F41L,80d62874-bb41-4340-a6a7-e831a75e2955,31,enabled,enabled,enabled,36.461124,-120.86571
2018-01-15T10:23:00.000-08:00,Sorrento F41L,58351567-93c1-4a19-8a67-19bee11d5d6e,30,enabled,connected,connected,34.86729,-118.14631
2018-01-15T10:23:00.000-08:00,Sorrento F41L,0968b20b-7828-4d00-99bf-707e27f995c1,26,enabled,enabled,enabled,42.194088,-123.643845
2018-01-15T10:23:00.000-08:00,Sorrento F41L,b069f52f-bee1-4bde-9357-3780dd7fa670,30,enabled,enabled,connected,35.217308,-114.17644
2018-01-15T10:23:00.000-08:00,Sorrento F41L,574f4b03-9481-455a-910a-159f4d42883b,50,enabled,connected,connected,34.36141,-117.85313
2018-01-15T10:23:00.000-08:00,Sorrento F41L,609b2b10-eff2-4084-a513-194299fca231,69,enabled,disabled,enabled,34.933414,-115.73435
2018-01-15T10:23:00.000-08:00,Titanic 1000,2bdf365b-c72f-46ab-b3d6-5e59d9bc1887,32,enabled,disabled,connected,39.57033,-114.572876
2018-01-15T10:23:00.000-08:00,Titanic 1000,ede10d74-5117-4e2c-818d-bca8350912f7,55,enabled,enabled,enabled,36.15254,-114.73358
2018-01-15T10:23:00.000-08:00,Titanic 1000,3a8b0445-baa9-4453-93fc-75c071558250,9,enabled,enabled,connected,34.534184,-118.81236
2018-01-15T10:23:00.000-08:00,Titanic 1100,609d7e61-faec-488d-b3f0-fb680a1100f6,27,enabled,enabled,connected,33.831974,-112.2184
2018-01-15T10:23:00.000-08:00,Titanic 2300,95710391-c52f-4240-918b-1fa2cd75cb9b,50,enabled,enabled,enabled,38.18253,-122.023
2018-01-15T10:23:00.000-08:00,Titanic 2300,ba068279-8cd2-4f67-96d6-11e1e8009031,33,enabled,connected,enabled,36.35663,-119.183655
2018-01-15T10:23:00.000-08:00,Titanic 2300,a5c59f04-4006-4240-b645-9181d921eff7,24,enabled,enabled,connected,34.389145,-117.2195
2018-01-15T10:23:00.000-08:00,Titanic 2400,d4f2958f-27a9-49ec-b176-eca99e486b57,23,enabled,enabled,enabled,36.278843,-115.00754
2018-01-15T10:23:00.000-08:00,Titanic 2400,e683c864-2c49-46dd-8aa4-4f10364f3cd2,53,enabled,disabled,enabled,37.20925,-121.49358
2018-01-15T10:23:00.000-08:00,Titanic 2500,f4677095-2774-4c60-816e-17647391ca72,51,enabled,enabled,enabled,38.588814,-122.04593
2018-01-15T10:23:00.000-08:00,Titanic 3000,f1741632-d0a9-45a5-9fe5-96dde1ec2195,66,enabled,connected,enabled,34.55053,-118.468094
2018-01-15T10:23:00.000-08:00,Titanic 4000,57d50d31-ce40-440d-a2b3-a041eb9a29f5,65,disabled,enabled,enabled,0.0,0.0
2018-01-15T10:24:00.000-08:00,iFruit 1,9cee1f7a-8dc7-4121-bcab-6f8bf8ead60f,86,enabled,enabled,enabled,43.083534,-122.75863
2018-01-15T10:24:00.000-08:00,iFruit 1,4072138f-f89e-4234-8e41-b5f0a17b216c,44,enabled,enabled,enabled,38.676785,-122.128944
2018-01-15T10:24:00.000-08:00,iFruit 1,df9a2282-3bea-4ef0-87ce-d6d031c570a8,68,enabled,connected,connected,36.382317,-114.840965
2018-01-15T10:24:00.000-08:00,iFruit 2,7bd3750a-4b2d-4459-9ec0-79952d638160,24,enabled,enabled,enabled,34.359436,-118.151474
2018-01-15T10:24:00.000-08:00,iFruit 4A,a513c5b9-fc55-447e-bab8-295e9fee9ad7,54,enabled,disabled,connected,34.30003,-118.43699
2018-01-15T10:24:00.000-08:00,MeeToo 1.0,633cf86a-d921-4937-a9c0-fb02d1b413dc,54,enabled,enabled,enabled,33.951157,-118.0305
2018-01-15T10:24:00.000-08:00,MeeToo 3.0,d9226e84-bd51-473c-a8c8-35cddbf4728f,56,enabled,enabled,enabled,33.7815,-117.62441
2018-01-15T10:24:00.000-08:00,MeeToo 4.0,3be985f2-be44-4193-ba49-15f7faf4bae0,45,enabled,disabled,connected,35.323093,-117.640076
2018-01-15T10:24:00.000-08:00,Ronin S2,cbc6f529-054c-439c-bd7c-0eda221cb9db,58,enabled,enabled,enabled,42.888466,-122.761215
2018-01-15T10:24:00.000-08:00,Ronin S2,17b0aa6e-94e3-4dae-b65f-3dfb320d9ba3,69,enabled,enabled,connected,34.403625,-117.94501
2018-01-15T10:24:00.000-08:00,Sorrento F00L,43fcd529-9d63-4f1e-9917-b0731392473a,22,enabled,connected,enabled,36.14828,-114.65019
2018-01-15T10:24:00.000-08:00,Sorrento F00L,1d585344-f4e2-4629-9e68-349e923000db,35,enabled,enabled,connected,37.420876,-122.15721
2018-01-15T10:24:00.000-08:00,Sorrento F01L,4b4a729d-e969-43fa-bc4e-f39f8c4de812,58,enabled,enabled,enabled,45.89477,-121.6081
2018-01-15T10:24:00.000-08:00,Sorrento F01L,db702e4b-a168-4d90-ab13-698baeab1de8,48,enabled,enabled,enabled,36.27248,-120.798004
2018-01-15T10:24:00.000-08:00,Sorrento F11L,3c60bcf2-12f2-4e26-91c9-882f4bc387c1,70,enabled,enabled,connected,32.794888,-117.14231
2018-01-15T10:24:00.000-08:00,Sorrento F11L,666658ad-5976-40ad-b3e1-92e8c252a68b,40,enabled,enabled,enabled,34.339714,-118.03097
2018-01-15T10:24:00.000-08:00,Sorrento F20L,c5eda5be-20e3-4d62-a62e-9ba4705c4e49,62,enabled,enabled,enabled,45.092518,-117.50307
2018-01-15T10:24:00.000-08:00,Sorrento F22L,06abd46e-42db-44c9-b522-4f0ca51c5608,57,enabled,enabled,connected,39.433693,-114.632614
2018-01-15T10:24:00.000-08:00,Sorrento F23L,4d08c25b-3467-47bf-b5ff-5ccff8e5cea4,26,enabled,enabled,enabled,41.321743,-117.26761
2018-01-15T10:24:00.000-08:00,Sorrento F30L,28e4cd14-8e21-4e1c-964e-768fd18cf154,22,enabled,enabled,connected,34.355377,-117.87033
2018-01-15T10:24:00.000-08:00,Sorrento F31L,5f8a1769-ed57-44b7-afcf-4a6dfafb9f55,66,enabled,disabled,enabled,37.34803,-121.5117
2018-01-15T10:24:00.000-08:00,Sorrento F41L,b3a27aab-6831-4a1e-8189-5f25d4ee0a1e,37,disabled,enabled,enabled,0.0,0.0
2018-01-15T10:24:00.000-08:00,Sorrento F41L,9335a13e-ab47-499a-9cd3-2f1a6a890b01,50,enabled,disabled,enabled,38.631744,-121.37984
2018-01-15T10:24:00.000-08:00,Sorrento F41L,124e5009-6a46-49f2-b1c1-c3d8cc757adc,29,enabled,enabled,disabled,38.30603,-121.08906
2018-01-15T10:24:00.000-08:00,Sorrento F41L,470c76f9-e94c-4dbb-a697-16420609df75,60,enabled,connected,connected,37.23938,-121.62302
2018-01-15T10:24:00.000-08:00,Sorrento F41L,c9298474-0db1-4471-aff3-0047b8d00eea,32,enabled,disabled,connected,38.14719,-121.84593
2018-01-15T10:24:00.000-08:00,Sorrento F41L,b343c885-2955-457f-a799-e51582776a09,33,enabled,enabled,disabled,33.065845,-116.99821
2018-01-15T10:24:00.000-08:00,Sorrento F41L,5c73b145-74b2-4260-a13c-dab382e7e6d9,41,enabled,enabled,enabled,38.04128,-122.10396
2018-01-15T10:24:00.000-08:00,Sorrento F41L,ca77ae33-4357-4389-b91c-4f2b4e9cb1cb,56,disabled,enabled,connected,0.0,0.0
2018-01-15T10:24:00.000-08:00,Sorrento F41L,f72dd78e-fe23-4a3a-b2e3-954b12ef1027,45,enabled,enabled,enabled,33.897835,-117.53859
2018-01-15T10:24:00.000-08:00,Titanic 1000,fcd82616-89bd-443a-a14f-556b871b6b97,6,enabled,disabled,disabled,44.343945,-123.21349
2018-01-15T10:24:00.000-08:00,Titanic 1000,3718f885-42fd-4c90-9151-166519fcf0c2,43,enabled,enabled,connected,39.49439,-120.483025
2018-01-15T10:24:00.000-08:00,Titanic 2000,5c6d0258-7c0e-4c34-ac64-e882dba1ca21,20,enabled,enabled,enabled,35.068176,-114.099266
2018-01-15T10:24:00.000-08:00,Titanic 2100,6aaeca81-f279-4322-b23e-dbb2d7f4095c,52,enabled,disabled,disabled,36.16262,-114.85172
2018-01-15T10:24:00.000-08:00,Titanic 2100,3d417f96-eaa1-42cc-89ee-07dadcfc97f3,43,enabled,enabled,enabled,31.994373,-111.3917
2018-01-15T10:24:00.000-08:00,Titanic 2200,690fecc9-f031-475c-84e6-c7cc52cddf03,21,enabled,enabled,enabled,33.995754,-116.489395
2018-01-15T10:24:00.000-08:00,Titanic 3000,b4f7e9ed-077f-4c45-8be6-708f0a244bbf,2,enabled,connected,connected,39.554886,-121.02079
2018-01-15T10:24:00.000-08:00,Titanic 4000,1882b564-c7e0-4315-aa24-228c0155ee1b,39,enabled,enabled,enabled,40.692066,-119.421646
2018-01-15T10:10:00.000-08:00,iFruit 1,6474caf1-7bbf-4594-a526-9ba8ea82e151,71,enabled,enabled,connected,37.903107,-121.561455
2018-01-15T10:10:00.000-08:00,iFruit 2,5c2d40d8-b1e0-4c2a-b050-06ca6c590741,66,enabled,disabled,connected,34.127895,-108.96816
2018-01-15T10:10:00.000-08:00,iFruit 3,27178d24-3a61-42f7-a784-e3263f25cc6f,91,enabled,enabled,enabled,37.924896,-122.20687
2018-01-15T10:10:00.000-08:00,iFruit 3A,fe4674a7-0632-494a-aaf3-f5865a724e1c,95,enabled,disabled,enabled,38.018074,-120.06786
2018-01-15T10:10:00.000-08:00,iFruit 5,86e4bd60-5c72-4558-a019-caf1de9d14f1,68,enabled,enabled,connected,39.470886,-119.65993
2018-01-15T10:10:00.000-08:00,MeeToo 1.0,ef8c7564-0a1a-4650-a655-c8bbd5f8f943,63,enabled,enabled,enabled,37.43211,-121.48503
2018-01-15T10:10:00.000-08:00,MeeToo 1.0,23eba027-b95a-4729-9a4b-a3cca51c5548,21,enabled,enabled,enabled,39.43789,-120.93898
2018-01-15T10:10:00.000-08:00,MeeToo 1.0,16085fbf-cda5-4489-84b9-0fad888f9e7a,26,enabled,enabled,enabled,34.048763,-111.92887
2018-01-15T10:10:00.000-08:00,MeeToo 1.0,e205ee4a-e7f8-44ba-bfb0-2f4a7a604e09,54,enabled,enabled,enabled,39.537056,-114.75191
2018-01-15T10:11:00.000-08:00,MeeToo 1.0,ff375011-34f0-4758-bade-e68cea787115,87,enabled,disabled,enabled,33.422325,-111.37013
2018-01-15T10:11:00.000-08:00,MeeToo 3.0,8316b507-7620-47aa-b56b-cae5cb2cd819,69,enabled,enabled,disabled,33.44676,-111.365326
2018-01-15T10:11:00.000-08:00,MeeToo 4.1,673f7e4b-d52b-44fc-8826-aea460c3481a,77,enabled,disabled,enabled,34.184105,-117.943535
2018-01-15T10:11:00.000-08:00,MeeToo 5.0,668e6f06-a8aa-4be5-8609-899c45d3caa8,61,enabled,enabled,connected,36.032967,-118.97011
2018-01-15T10:11:00.000-08:00,Ronin Novelty Note 1,db66fe81-aa55-43b4-9418-fc6e7a00f891,47,enabled,enabled,enabled,33.191357,-116.44824
2018-01-15T10:11:00.000-08:00,Ronin Novelty Note 1,b954db08-1f97-4311-8d42-1a7ba39d8dcf,81,enabled,enabled,enabled,32.20835,-111.434105
2018-01-15T10:11:00.000-08:00,Ronin Novelty Note 1,6d195272-8dba-42d6-9b1f-fe61edf7f2a2,49,enabled,connected,enabled,45.04008,-117.858
2018-01-15T10:11:00.000-08:00,Ronin Novelty Note 1,7017f788-0de7-4218-a1bb-1b8287944b34,37,disabled,enabled,disabled,0.0,0.0
2018-01-15T10:11:00.000-08:00,Ronin Novelty Note 2,a678ccc3-b0d2-452d-bf89-85bd095e28ee,97,enabled,enabled,connected,32.285057,-111.81958
2018-01-15T10:15:00.000-08:00,Ronin Novelty Note 3,d4ebd9ae-4dad-4fb4-ba1d-d2a9610a458d,97,enabled,enabled,enabled,33.177498,-116.88923
2018-01-15T10:12:00.000-08:00,Ronin S1,e75dc777-b531-4dbd-80d5-39c772666e6a,20,enabled,connected,enabled,33.323128,-116.47224
2018-01-15T10:12:00.000-08:00,Ronin S1,90d30931-6664-4a1f-966c-ab0c3b37156e,40,disabled,enabled,connected,0.0,0.0
2018-01-15T10:12:00.000-08:00,Ronin S1,9c82628f-cb22-4ceb-998f-e943dc1ca5bb,56,enabled,disabled,connected,32.82478,-116.87039
2018-01-15T10:12:00.000-08:00,Ronin S1,77387915-98bc-4bd9-a349-dcefac176e7a,60,enabled,connected,connected,40.22329,-122.29436
2018-01-15T10:12:00.000-08:00,Sorrento F01L,ab508fbf-f5ca-4ee6-92f7-c5e090752d2d,92,enabled,enabled,connected,34.126,-117.91415
2018-01-15T10:12:00.000-08:00,Sorrento F01L,29e00320-b2b0-44e0-8aa9-34289549e68c,33,enabled,enabled,connected,39.283596,-120.44648
2018-01-15T10:12:00.000-08:00,Sorrento F10L,d228cdab-8b35-4733-9f2e-e4760dfacb30,46,enabled,enabled,enabled,35.233887,-114.305756
2018-01-15T10:12:00.000-08:00,Sorrento F11L,62b56822-f19c-4f50-bb37-817cbd2b7ade,37,enabled,disabled,connected,36.347263,-114.94974
2018-01-15T10:12:00.000-08:00,Sorrento F21L,3c6ad768-a510-43b4-9050-aad293b75373,90,enabled,connected,connected,33.851448,-117.78742
2018-01-15T10:12:00.000-08:00,Sorrento F23L,6861961e-50e5-4e67-ab4e-36cc327ec6e2,30,enabled,enabled,enabled,39.079166,-119.52905
2018-01-15T10:13:00.000-08:00,Sorrento F33L,66d678e6-9c87-48d2-a415-8d5035e54a23,74,enabled,disabled,enabled,37.380394,-121.84076
2018-01-15T10:13:00.000-08:00,Sorrento F41L,8cc3b47e-bd01-4482-b500-28f2342679af,39,enabled,disabled,connected,33.689476,-117.54331
2018-01-15T10:13:00.000-08:00,Sorrento F41L,707daba1-5640-4d60-a6d9-1d6fa0645be0,60,enabled,enabled,disabled,39.363518,-119.40034
2018-01-15T10:13:00.000-08:00,Sorrento F41L,ffa18088-69a0-433e-84b8-006b2b9cc1d0,36,enabled,connected,enabled,33.834354,-117.33
2018-01-15T10:13:00.000-08:00,Sorrento F41L,86bef6ae-2f1c-42ec-aa67-6acecd7b0675,35,enabled,enabled,enabled,45.24005,-122.377464
2018-01-15T10:13:00.000-08:00,Sorrento F41L,92f0ee6e-a56a-4e3c-808f-a6282c539ef8,37,enabled,connected,enabled,32.820297,-110.86217
2018-01-15T10:13:00.000-08:00,Sorrento F41L,89f630b4-7d95-4f3c-aa83-d203b874ade6,44,enabled,enabled,enabled,34.218216,-118.12188
2018-01-15T10:13:00.000-08:00,Sorrento F41L,5d08d989-c873-4598-a3d1-19cf8f0984fd,20,enabled,enabled,connected,33.727665,-112.04447
2018-01-15T10:13:00.000-08:00,Sorrento F41L,fce6f168-7cca-4c00-97f5-9d03ad8232a9,30,enabled,enabled,connected,34.57111,-117.80561
2018-01-15T10:13:00.000-08:00,Sorrento F41L,2b3f2895-03fb-402e-8fdc-1f4e2ae7095e,65,enabled,connected,connected,38.321594,-121.88452
2018-01-15T10:13:00.000-08:00,Sorrento F41L,64f745dd-f99e-4c01-83e3-c695365138f5,24,enabled,disabled,enabled,36.60889,-120.67679
2018-01-15T10:13:00.000-08:00,Titanic 2000,08bf61ec-f224-4e8c-a754-1ed381329ed4,28,enabled,enabled,connected,45.326416,-117.80781
2018-01-15T10:13:00.000-08:00,Titanic 2400,b4a15931-9a69-469f-9823-a45974472c51,63,enabled,disabled,enabled,38.165318,-122.15161
2018-01-15T10:14:00.000-08:00,iFruit 2,cbf7b521-d297-43ac-a759-bf34288709a7,35,enabled,enabled,disabled,33.723385,-108.93362
2018-01-15T10:14:00.000-08:00,iFruit 3A,6c3e1dfb-1b13-43e2-b353-6c6e45879035,60,enabled,connected,connected,39.429314,-114.693535
2018-01-15T10:14:00.000-08:00,iFruit 4,dc9bdaf5-ce88-4f7a-951d-cf16ada04834,28,enabled,enabled,enabled,39.551895,-120.60151
2018-01-15T10:14:00.000-08:00,iFruit 4A,6ca977b5-622c-410f-9ada-e524a5bae433,94,enabled,enabled,connected,36.00138,-114.74912
2018-01-15T10:14:00.000-08:00,iFruit 4A,728f7687-ca15-4468-8655-8e6187fbc94b,78,enabled,enabled,connected,32.95424,-110.73174
2018-01-15T10:15:00.000-08:00,MeeToo 1.0,210623e6-bb55-4fff-b715-768dfda84190,79,enabled,enabled,connected,38.274746,-122.08744
2018-01-15T10:15:00.000-08:00,MeeToo 1.0,07a3c3a8-3e0e-4bbc-9d72-9b294293ef58,27,enabled,enabled,connected,38.59054,-121.30072
2018-01-15T10:15:00.000-08:00,MeeToo 1.0,1b1db658-6573-487e-a67f-ad6e82f5f9b0,42,enabled,disabled,enabled,31.99164,-111.52305
2018-01-15T10:15:00.000-08:00,MeeToo 4.1,85a5a8f4-7bb5-4a23-8b02-6460ab9cdcf0,36,enabled,enabled,enabled,33.35318,-111.29396
2018-01-15T10:15:00.000-08:00,MeeToo 5.1,54d45388-b910-42a4-bf7a-cb10090d524a,49,enabled,enabled,enabled,34.16352,-117.750946
2018-01-15T10:15:00.000-08:00,Ronin Novelty Note 1,88d259d3-5a17-401b-b9e7-b1f71a824560,39,enabled,enabled,enabled,37.4825,-121.67979
2018-01-15T10:15:00.000-08:00,Ronin Novelty Note 2,b421b28c-f4a2-4527-bba0-44b5d7028d94,98,enabled,disabled,connected,38.784355,-121.12147
2018-01-15T10:15:00.000-08:00,Ronin S1,c03876d2-0699-4091-a251-b4bc347587da,63,enabled,disabled,connected,35.393738,-117.93428
2018-01-15T10:15:00.000-08:00,Ronin S1,a87705e9-e3b2-4f9b-95c5-2aeb55eee655,75,enabled,enabled,connected,36.172733,-114.48654
2018-01-15T10:15:00.000-08:00,Ronin S1,f21edbbb-530b-492b-80bd-b64521cf6efc,53,enabled,connected,disabled,35.335434,-117.74002
2018-01-15T10:15:00.000-08:00,Ronin S1,5534a2f5-ffa7-46cb-a692-c5c5e88105a6,77,enabled,enabled,connected,33.850082,-118.0302
2018-01-15T10:15:00.000-08:00,Ronin S2,1ba2d807-01b0-4d0e-9e6e-8b5a88e412dc,37,enabled,enabled,enabled,34.14189,-109.00085
2018-01-15T10:15:00.000-08:00,Sorrento F10L,1eee0a4e-d5f4-4a1b-9de3-0208bad70692,28,enabled,enabled,connected,36.45006,-114.926155
2018-01-15T10:15:00.000-08:00,Sorrento F21L,9a637927-0de2-4634-93b7-f200995a1dbb,41,enabled,disabled,connected,37.41298,-121.91936
2018-01-15T10:16:00.000-08:00,Sorrento F21L,50bb559c-9bbb-4e21-bc9b-7a0b301fdd62,39,enabled,enabled,connected,40.21194,-122.20102
2018-01-15T10:16:00.000-08:00,Sorrento F21L,9b1b332c-657a-4ed4-9338-ea2e847d34a1,65,enabled,enabled,connected,38.131557,-122.23765
2018-01-15T10:16:00.000-08:00,Sorrento F22L,d900afd0-0cfc-4a00-8dd6-0aa02b9a0736,38,enabled,connected,enabled,34.29148,-119.73618
2018-01-15T10:16:00.000-08:00,Sorrento F24L,8aa35d8e-80c6-43ec-aef5-79f5df427708,21,disabled,enabled,enabled,0.0,0.0
2018-01-15T10:16:00.000-08:00,Sorrento F24L,e8aa5683-2465-42a5-82a7-b9045475cdda,93,enabled,enabled,connected,32.987484,-116.80799
2018-01-15T10:16:00.000-08:00,Sorrento F31L,3231970a-62a3-4be7-83f0-ec75186ecab8,32,enabled,enabled,connected,34.42687,-118.0318
2018-01-15T10:16:00.000-08:00,Sorrento F40L,e5ce2c42-bad6-4a58-bc81-510a6cbb33cd,77,enabled,enabled,enabled,34.2369,-117.883484
2018-01-15T10:16:00.000-08:00,Sorrento F41L,69e4d83e-bdd6-4cde-98f6-154706b7b3a4,53,enabled,connected,connected,36.39782,-114.956726
2018-01-15T10:16:00.000-08:00,Sorrento F41L,45903a94-15d1-48b7-b7fd-5b367eb5eb4f,25,enabled,enabled,disabled,35.292847,-115.52534
2018-01-15T10:16:00.000-08:00,Sorrento F41L,e811f16d-f5e9-4e4a-acf4-67f398639494,38,disabled,enabled,enabled,0.0,0.0
2018-01-15T10:16:00.000-08:00,Sorrento F41L,f5e52b95-8857-4ce0-adf7-44c133ffa798,27,enabled,enabled,connected,37.02541,-119.24092
2018-01-15T10:16:00.000-08:00,Sorrento F41L,d45bcdaa-385e-41b2-871a-f5c557a62434,49,enabled,enabled,disabled,36.18015,-118.985664
2018-01-15T10:16:00.000-08:00,Sorrento F41L,6024ecbd-8f2c-42d5-9053-bde726619bdd,30,enabled,enabled,enabled,35.281227,-115.69967
2018-01-15T10:16:00.000-08:00,Sorrento F41L,1d9f4c7c-4393-47e9-9ad2-fc8079ca63e9,29,enabled,disabled,enabled,36.412823,-114.48187
2018-01-15T10:16:00.000-08:00,Titanic 1000,f1c9e8fe-6235-4fd9-afd2-057922d50f58,26,enabled,enabled,enabled,35.45768,-117.559006
2018-01-15T10:16:00.000-08:00,Titanic 2200,0615efa5-d32d-474b-b1fc-68ced3c56a34,21,enabled,enabled,enabled,34.029045,-117.73959
2018-01-15T10:16:00.000-08:00,Titanic 2200,83c2478d-4bd5-45f7-94bf-ffb26e5d3042,52,enabled,connected,enabled,38.499966,-121.18908
2018-01-15T10:16:00.000-08:00,Titanic 2200,de3cfcfb-29c7-48dd-8131-5f8640bc633f,23,enabled,connected,connected,37.336666,-121.436485
2018-01-15T10:16:00.000-08:00,Titanic 2300,df72fff4-7cb8-460e-b24c-de15f02a5e09,21,enabled,enabled,enabled,34.468525,-118.081696
2018-01-15T10:16:00.000-08:00,Titanic 2300,2097a15a-8555-46c1-9f71-1fab88c939d4,39,enabled,enabled,disabled,45.776016,-123.14166
2018-01-15T10:16:00.000-08:00,Titanic 2500,3656f5bc-9244-4fa5-a015-eba00c8ce62f,43,enabled,connected,enabled,38.091972,-119.949165
2018-01-15T10:16:00.000-08:00,Titanic 3000,8a12de82-c17e-42a9-b65b-ce807892df60,57,enabled,disabled,disabled,37.546837,-121.473366
2018-01-15T10:16:00.000-08:00,Titanic DeckChairs,b331b4c2-36a0-4cfc-af37-1bc03f86dc4b,47,enabled,enabled,connected,34.250866,-117.52941
2018-01-15T10:16:00.000-08:00,iFruit 1,9abcd8e7-06ec-4e43-b4a3-3470139071e4,98,enabled,connected,enabled,38.109863,-121.880104
2018-01-15T10:16:00.000-08:00,iFruit 1,bd0ca8d2-c89d-47be-b791-9c89655492ab,53,enabled,enabled,enabled,34.424892,-118.25763
2018-01-15T10:16:00.000-08:00,iFruit 2,d7afee7e-9d0f-43a9-a775-938e510eeca0,25,enabled,disabled,enabled,45.248184,-117.848915
2018-01-15T10:16:00.000-08:00,iFruit 3,db360838-0203-4c55-aa7b-82f9b7771eff,45,enabled,enabled,connected,39.45078,-119.575096
2018-01-15T10:16:00.000-08:00,iFruit 3A,e6fe63d4-52d7-4b24-89dc-4db96ba52af3,37,enabled,connected,enabled,34.065258,-117.914955
2018-01-15T10:16:00.000-08:00,iFruit 3A,cfab5d14-7d6d-473f-aeec-ab65cdaa1c78,39,enabled,enabled,connected,33.530453,-111.90329
2018-01-15T10:16:00.000-08:00,MeeToo 1.0,6e626fef-4fa4-4e63-885d-bbd41efd2655,52,enabled,disabled,connected,37.49789,-121.4094
2018-01-15T10:16:00.000-08:00,MeeToo 1.0,35d31621-f157-4280-9dac-f865bd18efb1,77,enabled,connected,connected,34.648003,-116.131805
2018-01-15T10:16:00.000-08:00,MeeToo 2.0,cb03312f-aa3a-4ca6-a24f-bc783efb64f6,45,enabled,enabled,disabled,33.975792,-112.01222
2018-01-15T10:16:00.000-08:00,MeeToo 2.0,59a08379-ed21-4f31-bebe-003dabb618db,46,enabled,enabled,enabled,39.452854,-119.68174
2018-01-15T10:16:00.000-08:00,MeeToo 4.1,1a2eb25d-c419-4d36-80dd-b3c8a08864ef,54,disabled,enabled,connected,0.0,0.0
2018-01-15T10:16:00.000-08:00,Ronin Novelty Note 1,b119e803-8741-428c-b1f1-47bb8a87b510,82,enabled,enabled,enabled,34.180984,-118.54076
2018-01-15T10:16:00.000-08:00,Ronin S1,28d6638b-94cf-4d20-a40c-6c57bdeef3e5,63,enabled,disabled,enabled,41.297028,-117.16818
2018-01-15T10:16:00.000-08:00,Ronin S1,175ce0e4-35c0-47f0-956e-0d451600f672,84,enabled,enabled,enabled,34.285435,-118.10792
2018-01-15T10:16:00.000-08:00,Sorrento F00L,37360baa-0eef-4288-9301-f92c704e21c9,73,enabled,enabled,enabled,38.155636,-120.90369
2018-01-15T10:16:00.000-08:00,Sorrento F10L,281d5937-28ed-4fcb-93ef-fdf9a7ccbc1a,24,enabled,connected,disabled,33.846706,-118.18983
2018-01-15T10:16:00.000-08:00,Sorrento F10L,a4ee7ac1-dcba-4a93-ba23-6173a4f67abf,96,enabled,enabled,connected,34.559734,-118.26287
2018-01-15T10:16:00.000-08:00,Sorrento F20L,acb4177c-d2d0-4721-a867-06cdfcaed898,86,enabled,enabled,connected,36.12507,-113.61821
2018-01-15T10:16:00.000-08:00,Sorrento F20L,67ed4895-8670-47aa-9d73-78611771bb3f,57,enabled,disabled,enabled,33.274075,-111.536736
2018-01-15T10:16:00.000-08:00,Sorrento F21L,a74d24e7-9905-4d1d-9666-84761a53985b,67,enabled,enabled,enabled,38.776424,-122.70982
2018-01-15T10:16:00.000-08:00,Sorrento F24L,ed014236-df31-4b89-9141-8d63418ead28,80,enabled,disabled,enabled,35.56356,-120.22365
2018-01-15T10:16:00.000-08:00,Sorrento F30L,44ac0fe6-6d0b-49b8-8ef1-6c4e15de9237,94,enabled,enabled,disabled,34.30486,-117.79225
2018-01-15T10:16:00.000-08:00,Sorrento F31L,d47e963a-3c93-4a4a-be9c-5f90d23276d0,28,enabled,enabled,disabled,38.261524,-121.263916
2018-01-15T10:16:00.000-08:00,Sorrento F41L,7822a71b-15ab-4d20-8db5-9bc282cc7f9d,25,enabled,enabled,enabled,36.218586,-120.93908
2018-01-15T10:16:00.000-08:00,Sorrento F41L,f8e2a12c-2a90-4c48-9420-d00805eb6912,51,enabled,enabled,connected,38.222088,-122.26478
2018-01-15T10:16:00.000-08:00,Sorrento F41L,8649cf48-4d1e-487f-88f2-03d76b318754,31,enabled,connected,disabled,42.800083,-122.3254
2018-01-15T10:16:00.000-08:00,Sorrento F41L,989e1241-2e23-4f51-b22f-148c86408950,47,enabled,disabled,disabled,37.354164,-121.54273
2018-01-15T10:16:00.000-08:00,Sorrento F41L,41f3981c-83bf-4428-ad2a-0a5b0e2bc312,73,enabled,disabled,enabled,38.191288,-119.88412
2018-01-15T10:16:00.000-08:00,Sorrento F41L,aa7868f0-e59b-4b3f-a5e6-fc98366602fb,63,enabled,disabled,enabled,34.323627,-116.22786
2018-01-15T10:16:00.000-08:00,Sorrento F41L,67b85a2c-8ba5-4b07-96be-56b4f9b8b3e6,45,enabled,enabled,disabled,39.82423,-114.62483
2018-01-15T10:16:00.000-08:00,Titanic 1000,b6af756d-58cf-4236-a9c4-290ea84a4223,17,enabled,enabled,enabled,38.632015,-122.35225
2018-01-15T10:16:00.000-08:00,Titanic 1000,2dbac5a3-aa0a-4f4f-96ed-3ad5ca5080fb,12,enabled,disabled,disabled,34.03203,-117.71721
2018-01-15T10:16:00.000-08:00,Titanic 1000,48396d7b-2c35-4120-9e9b-acd77def15e4,6,enabled,connected,enabled,35.671017,-120.20502
2018-01-15T10:16:00.000-08:00,Titanic 1000,47bacda7-ec90-4b68-a035-d541e55ff6f0,52,enabled,connected,enabled,38.231575,-122.251144
2018-01-15T10:16:00.000-08:00,Titanic 1000,28881154-a4f0-41e9-bead-a6528150fa4b,42,enabled,disabled,connected,38.669453,-121.31136
2018-01-15T10:16:00.000-08:00,Titanic 1000,2e7433e1-1daa-4b7e-a646-3fdca15737df,15,enabled,enabled,enabled,34.284054,-119.55579
2018-01-15T10:16:00.000-08:00,Titanic 2000,f0b6d455-c45d-4572-b278-4eb65d3a7b64,17,enabled,disabled,enabled,45.390675,-122.054344
2018-01-15T10:16:00.000-08:00,Titanic 2100,c2321190-2798-4e9d-8823-07b7799f4333,24,enabled,disabled,connected,42.26115,-124.03685
2018-01-15T10:16:00.000-08:00,Titanic 2200,388df13e-6048-4b49-b4ee-1a638d10b60f,13,disabled,enabled,connected,0.0,0.0
2018-01-15T10:16:00.000-08:00,Titanic 2300,54e3143c-3d13-4469-baff-8a03ecfb365b,15,enabled,connected,enabled,36.843254,-119.17767
2018-01-15T10:16:00.000-08:00,Titanic 2400,2a039b3d-2457-4d4d-ad72-499e2bb29fb9,8,enabled,enabled,enabled,45.513824,-123.14804
2018-01-15T10:16:00.000-08:00,Titanic 4000,27a418dc-9f20-4cb9-9c69-92d16c596bad,7,enabled,disabled,enabled,34.55587,-116.22002
2018-01-15T10:17:00.000-08:00,iFruit 1,41389e10-05cd-41f7-bf03-5561c9b88822,31,enabled,enabled,enabled,40.97994,-119.190475
2018-01-15T10:17:00.000-08:00,iFruit 1,bf701e1d-6f52-463b-a31a-0f95bae933ba,54,enabled,enabled,disabled,34.27162,-118.44695
2018-01-15T10:17:00.000-08:00,iFruit 2,de1a87b5-4f16-4df1-a8db-52f2dac0a07b,97,enabled,enabled,enabled,34.69978,-119.836075
2018-01-15T10:17:00.000-08:00,iFruit 2,f63b27ec-08c0-41a1-aa4b-2ba979955182,72,enabled,disabled,connected,34.200386,-117.70759
2018-01-15T10:17:00.000-08:00,iFruit 3,d0f6f4b4-f10e-4259-80c4-cff8dd4a6114,29,enabled,enabled,enabled,39.44938,-119.33086
2018-01-15T10:17:00.000-08:00,iFruit 4A,3339c9bc-5440-43f1-8dfb-85f373be20c9,30,disabled,enabled,connected,0.0,0.0
2018-01-15T10:17:00.000-08:00,MeeToo 1.0,d0a0ab6a-f0c9-49a7-b791-e7ebd405b878,21,enabled,connected,enabled,39.46505,-119.49904
2018-01-15T10:17:00.000-08:00,MeeToo 3.0,5db3cc60-9ebe-4a74-98c1-7a232781fba1,67,enabled,enabled,connected,34.330173,-117.620674
2018-01-15T10:17:00.000-08:00,MeeToo 3.1,5786ee06-d68b-46d9-a4a0-e6e8f7874f33,38,enabled,enabled,enabled,38.627556,-122.08167
2018-01-15T10:17:00.000-08:00,MeeToo 4.0,0775d027-484b-4f0e-b647-ba0502d9fab1,88,enabled,enabled,enabled,36.866165,-119.1635
2018-01-15T10:17:00.000-08:00,MeeToo 4.0,a750bef3-0ee9-4e65-ad4b-eac77f028081,73,enabled,connected,enabled,39.440117,-114.776245
2018-01-15T10:17:00.000-08:00,MeeToo 4.1,fb2af18d-a6e4-49d5-a46f-a3e172d65223,55,enabled,enabled,enabled,38.08705,-121.878395
2018-01-15T10:17:00.000-08:00,Ronin Novelty Note 1,6398ef2a-5de8-486a-9518-53c725965e71,72,enabled,disabled,enabled,37.25697,-121.679855
2018-01-15T10:17:00.000-08:00,Ronin Novelty Note 1,68e7a392-0684-4d90-a6c2-1c71298bb9c6,31,enabled,enabled,disabled,38.138287,-122.167816
2018-01-15T10:17:00.000-08:00,Ronin Novelty Note 1,710639fd-6782-4eed-b137-6064cfd32f4a,63,enabled,enabled,enabled,36.229076,-114.76982
2018-01-15T10:17:00.000-08:00,Ronin Novelty Note 2,dd6a8a6c-2035-435f-a70e-9015572d049f,84,enabled,disabled,enabled,34.075287,-117.87094
2018-01-15T10:17:00.000-08:00,Ronin S4,6670a433-06c6-4b1a-a926-6fc14e6423f8,62,enabled,enabled,enabled,36.372963,-121.01805
2018-01-15T10:17:00.000-08:00,Sorrento F01L,b81eb020-03f0-43e8-b719-80d36482f496,75,disabled,enabled,enabled,0.0,0.0
2018-01-15T10:17:00.000-08:00,Sorrento F10L,a607af3a-ff11-4eff-8b0c-ec9277a22416,58,enabled,disabled,connected,38.859135,-122.764
2018-01-15T10:17:00.000-08:00,Sorrento F10L,2675aa37-ed54-4d65-aaf5-0e4318be30e1,69,enabled,connected,connected,43.055775,-122.46315
2018-01-15T10:17:00.000-08:00,Sorrento F10L,93f530f6-3159-4ba6-8d98-7c5b9d5cda35,90,enabled,enabled,connected,37.34167,-121.37854
2018-01-15T10:17:00.000-08:00,Sorrento F20L,32c213f1-92bb-4b7f-8817-fc1bff6b40fa,37,enabled,enabled,enabled,38.25875,-122.1865
2018-01-15T10:17:00.000-08:00,Sorrento F20L,0d5ffa71-e80e-450c-9acf-a8db26ba4d74,60,enabled,connected,enabled,37.174767,-122.045235
2018-01-15T10:17:00.000-08:00,Sorrento F21L,83a416dc-10eb-48b7-b403-c868e701a3f9,53,enabled,enabled,enabled,39.634163,-120.379974
2018-01-15T10:17:00.000-08:00,Sorrento F23L,a44df7e0-3f6e-4c7b-84fe-c2abe9255f97,60,enabled,enabled,enabled,34.274506,-117.88936
2018-01-15T10:17:00.000-08:00,Sorrento F24L,6c352774-ddc1-4c47-a83b-e617e24e9f77,92,enabled,enabled,disabled,34.41489,-117.51601
2018-01-15T10:17:00.000-08:00,Sorrento F30L,44b1aff7-c2bb-4264-8057-4f4d3f28bbbe,85,enabled,connected,enabled,38.675,-121.424194
2018-01-15T10:17:00.000-08:00,Sorrento F41L,15aee3f7-0d01-4372-8244-ff5288934c27,59,enabled,disabled,enabled,38.73499,-122.95182
2018-01-15T10:17:00.000-08:00,Sorrento F41L,508f085c-4344-4a0a-91f9-ace4f37e8f32,41,enabled,enabled,connected,34.27036,-118.292206
2018-01-15T10:17:00.000-08:00,Sorrento F41L,8f50f0d4-eb18-40de-b038-b82863c44ef9,30,enabled,enabled,connected,39.51008,-119.75364
2018-01-15T10:17:00.000-08:00,Sorrento F41L,6bc57b51-80a6-4f91-8491-77471555c85f,56,enabled,connected,connected,35.080654,-114.175095
2018-01-15T10:17:00.000-08:00,Sorrento F41L,f9f802e1-740a-45fa-aad5-fd86af7f5e86,70,enabled,enabled,enabled,37.970203,-119.63236
2018-01-15T10:17:00.000-08:00,Sorrento F41L,61d891ae-5b77-4b34-ae00-6c4a56621fd2,61,enabled,disabled,connected,37.142803,-119.47458
2018-01-15T10:17:00.000-08:00,Sorrento F41L,b637e4d7-a0e2-4e1a-948a-57247e1fad2b,45,enabled,enabled,enabled,36.33118,-114.89627
2018-01-15T10:17:00.000-08:00,Sorrento F41L,193a82b4-46bb-4164-a9e4-d3646fe2b626,72,enabled,enabled,connected,45.35072,-117.82615
2018-01-15T10:17:00.000-08:00,Sorrento F41L,7097f48f-f359-4bcb-95d1-09794783b931,42,enabled,enabled,enabled,42.06378,-123.64608
2018-01-15T10:17:00.000-08:00,Sorrento F41L,b0ce3eaa-5d87-43dd-b9ba-ae568e12c915,66,enabled,disabled,connected,34.125607,-117.74462
2018-01-15T10:17:00.000-08:00,Sorrento F41L,0c9985ee-61f8-4f48-ad82-b967f0a1cd29,74,enabled,disabled,enabled,33.947414,-118.07985
2018-01-15T10:17:00.000-08:00,Titanic 1100,25f754ff-7d77-4b07-89cb-70ef65e0d709,49,enabled,enabled,disabled,39.18585,-119.459335
2018-01-15T10:17:00.000-08:00,Titanic 1100,9ef4ce89-844c-472c-af05-98c391491e8d,9,enabled,connected,enabled,35.238644,-114.12329
2018-01-15T10:17:00.000-08:00,Titanic 2300,db6ff1c4-451c-4257-ba04-d12b7344b9ca,21,enabled,connected,connected,34.575954,-117.95139
2018-01-15T10:17:00.000-08:00,Titanic 2400,4dbcb7f9-0c19-4c0f-abc7-c382a8de0814,59,enabled,enabled,enabled,36.12177,-113.82692
2018-01-15T10:18:00.000-08:00,iFruit 2,0cef09dd-e8b9-4df1-aa2a-88a9dcf526a1,88,enabled,enabled,enabled,36.1869,-118.77761
2018-01-15T10:18:00.000-08:00,MeeToo 2.0,f2bee352-7683-4cec-a55d-4f91d739e1bc,22,enabled,enabled,connected,34.243946,-118.40654
2018-01-15T10:18:00.000-08:00,MeeToo 4.0,0b77566f-9d2f-4aa9-8faa-4a34e9f08a96,95,enabled,connected,enabled,33.296013,-108.90394
2018-01-15T10:18:00.000-08:00,MeeToo 4.1,2192c442-39eb-4593-aef6-88d9c374aaee,21,enabled,disabled,enabled,35.688717,-120.095726
2018-01-15T10:18:00.000-08:00,MeeToo 4.1,c3304e99-f5dc-4293-9e3f-f98f9153937e,64,enabled,disabled,connected,34.174637,-117.81111
2018-01-15T10:18:00.000-08:00,Ronin Novelty Note 1,d643b53c-31e3-4ae1-b0ec-39319582afef,77,enabled,enabled,enabled,45.748596,-122.73037
2018-01-15T10:18:00.000-08:00,Ronin Novelty Note 2,c8f941d9-ed07-44de-8703-79b488f5d3a4,50,enabled,enabled,enabled,35.821793,-120.47999
2018-01-15T10:18:00.000-08:00,Ronin S1,10e0eda6-828d-44f5-b893-8946ca8b66e6,52,enabled,enabled,enabled,37.423927,-122.09872
2018-01-15T10:18:00.000-08:00,Ronin S1,7befb198-ed57-4976-93f0-b2116ca6b74c,93,enabled,disabled,connected,34.21774,-117.257645
2018-01-15T10:18:00.000-08:00,Ronin S3,49973809-9d01-4730-8d51-1bcb995750c5,91,enabled,enabled,connected,34.512383,-116.22184
2018-01-15T10:18:00.000-08:00,Sorrento F01L,1c89e51b-8664-4977-b8f3-cb4fcc416648,75,enabled,enabled,enabled,38.778572,-121.08608
2018-01-15T10:18:00.000-08:00,Sorrento F01L,cdae7984-45e2-4ed8-b73a-40b257df2e67,28,enabled,enabled,disabled,37.495365,-121.65655
2018-01-15T10:18:00.000-08:00,Sorrento F01L,846834e8-583a-4132-8e50-bc6f2acd1ec8,81,enabled,enabled,connected,34.315937,-116.08157
2018-01-15T10:18:00.000-08:00,Sorrento F10L,a0886049-7e27-496c-a47e-d6225b58b368,40,enabled,enabled,disabled,34.32511,-118.54522
2018-01-15T10:18:00.000-08:00,Sorrento F21L,d07d70cd-7c93-4e5a-82df-50656e3eb347,34,enabled,enabled,enabled,45.4502,-117.5864
2018-01-15T10:18:00.000-08:00,Sorrento F21L,dc25eaa9-11d3-4176-8033-a37062c5ec0d,26,enabled,enabled,connected,34.358143,-118.41662
2018-01-15T10:18:00.000-08:00,Sorrento F21L,5aed4b01-2b80-4d93-8f0d-9db303fa1db2,72,enabled,enabled,enabled,37.88755,-122.00215
2018-01-15T10:18:00.000-08:00,Sorrento F23L,b8ca28b6-f004-4838-ac33-35cc91bfdb9e,33,enabled,connected,enabled,38.48387,-121.96936
2018-01-15T10:18:00.000-08:00,Sorrento F30L,1069a040-1a86-47c4-b724-e29b6a14d592,51,enabled,enabled,enabled,34.238968,-117.51446
2018-01-15T10:18:00.000-08:00,Sorrento F32L,446984e4-1cc7-4731-bf03-a446ebf7e3e7,38,enabled,enabled,enabled,34.009777,-111.835556
2018-01-15T10:18:00.000-08:00,Sorrento F33L,25cdf595-500b-4f37-b5ad-0bd96d7a5e7b,73,enabled,enabled,connected,36.329388,-119.08497
2018-01-15T10:18:00.000-08:00,Sorrento F41L,9413e4a2-cb7d-4a54-ba05-57bde020465e,45,enabled,connected,enabled,35.6042,-111.69067
2018-01-15T10:18:00.000-08:00,Sorrento F41L,f04c4eb9-a153-47af-92f2-baf1fa05addc,63,enabled,disabled,enabled,40.22377,-122.24231
2018-01-15T10:18:00.000-08:00,Sorrento F41L,5ad8f623-1d72-4fd1-be21-d6e239b7e61f,65,enabled,enabled,connected,39.021286,-121.10985
2018-01-15T10:18:00.000-08:00,Sorrento F41L,76352a44-374c-41af-b2da-39359e6d2634,20,enabled,enabled,enabled,34.835186,-111.3077
2018-01-15T10:18:00.000-08:00,Sorrento F41L,5f49c49b-cf69-4671-8611-dde9791090d6,41,enabled,connected,enabled,36.44628,-114.8499
2018-01-15T10:18:00.000-08:00,Sorrento F41L,a80a3912-5866-413c-bfd5-35040579a153,32,enabled,enabled,connected,33.755596,-111.79283
2018-01-15T10:18:00.000-08:00,Sorrento F41L,2628c452-5661-43ce-8509-4643f73da015,30,enabled,enabled,connected,39.493538,-114.45752
2018-01-15T10:18:00.000-08:00,Sorrento F41L,c306bd5c-751d-4b17-9250-5f0e2b8725ea,71,enabled,enabled,enabled,34.119125,-117.936584
2018-01-15T10:18:00.000-08:00,Sorrento F41L,92a6c328-fb02-4124-85c6-b5151208ef66,34,enabled,connected,connected,34.56878,-119.49865
2018-01-15T10:18:00.000-08:00,Titanic 1100,babea6e1-7cdd-4ca7-abdc-46fbfd7b0719,5,enabled,enabled,disabled,45.72155,-122.71473
2018-01-15T10:18:00.000-08:00,Titanic 1100,ff9c0cb6-3deb-4dbc-89ec-5bebabd68444,40,enabled,connected,connected,36.93178,-119.53334
2018-01-15T10:18:00.000-08:00,Titanic 1100,a094b740-3b95-434b-9c8d-ec70cc4ab5fc,56,enabled,connected,connected,36.997128,-119.526855
2018-01-15T10:18:00.000-08:00,Titanic 1100,b4063358-9b00-458a-996b-9ca3c982c1c9,29,enabled,disabled,enabled,34.188053,-118.06457
2018-01-15T10:18:00.000-08:00,Titanic 2000,ed1004a7-17ac-4050-9c2e-615e1604b376,17,enabled,enabled,connected,37.783733,-122.21556
2018-01-15T10:18:00.000-08:00,Titanic 2000,b210cf18-495e-4f90-b76c-1339f6550abb,41,enabled,enabled,enabled,36.571663,-120.710335
2018-01-15T10:18:00.000-08:00,Titanic 2000,08473a60-920a-4809-8d2a-132f7c40687e,22,enabled,disabled,connected,45.630707,-122.96909
2018-01-15T10:18:00.000-08:00,Titanic 2100,95c1e72d-7d14-47fa-8d04-936aa3430e89,16,disabled,enabled,enabled,0.0,0.0
2018-01-15T10:18:00.000-08:00,Titanic 2100,2c5f14de-8ee4-4363-9ea4-b68f3796bdac,49,enabled,disabled,enabled,45.821163,-121.84
2018-01-15T10:18:00.000-08:00,Titanic 2500,092438e5-50cd-483d-90dd-e1e61e9f4088,32,enabled,disabled,connected,35.467247,-117.76383
2018-01-15T10:18:00.000-08:00,Titanic 4000,3d88c332-61fa-46f0-a171-84a8b02dd52a,45,enabled,connected,enabled,34.531277,-117.63625
2018-01-15T10:18:00.000-08:00,Titanic 4000,c9b5d5d4-19a2-4259-bff7-e915d967d3f4,49,enabled,disabled,enabled,37.99489,-121.87492
2018-01-15T10:18:00.000-08:00,iFruit 3,8c8ec306-2950-46d8-b74b-3cb75ff16e5f,40,enabled,enabled,enabled,37.436146,-122.009415
2018-01-15T10:18:00.000-08:00,iFruit 5,8415d2e6-824a-424d-8675-0afbcbca2d4c,53,disabled,enabled,enabled,0.0,0.0
2018-01-15T10:18:00.000-08:00,MeeToo 1.0,bb84191e-736c-4e46-a45a-dd92dedc0818,24,enabled,disabled,enabled,38.864956,-122.96356
2018-01-15T10:18:00.000-08:00,MeeToo 2.0,32fd8e8c-a3ea-4ae0-86fa-2964f0b2f25a,55,enabled,connected,connected,34.046127,-117.648094
2018-01-15T10:18:00.000-08:00,MeeToo 2.0,7d0d3828-6ec3-413f-8deb-6e6b08744faf,66,enabled,enabled,enabled,45.755737,-122.83307
2018-01-15T10:18:00.000-08:00,MeeToo 2.0,a8a28bde-3cf9-4b84-8861-a1bb731ffdd9,87,enabled,enabled,enabled,34.68907,-119.73806
2018-01-15T10:18:00.000-08:00,MeeToo 3.1,6aa1b564-084e-42f3-9a6f-e0e67de82d0d,69,enabled,enabled,enabled,36.21818,-119.0605
2018-01-15T10:18:00.000-08:00,MeeToo 5.0,1faaf77a-91b6-4a09-a2fa-d510523beea5,76,enabled,enabled,disabled,42.853233,-122.67337
2018-01-15T10:18:00.000-08:00,Ronin Novelty Note 1,10d6488d-71a5-45a5-bfb7-19c7e5cc247f,60,enabled,connected,enabled,38.35752,-122.000404
2018-01-15T10:18:00.000-08:00,Ronin Novelty Note 1,95b553e2-7aaf-4afa-b19d-ca20ed7b8107,92,enabled,disabled,enabled,34.13478,-117.332756
2018-01-15T10:18:00.000-08:00,Ronin Novelty Note 2,6384240f-f4a6-48f6-bca6-77eafbf3aee1,95,enabled,enabled,connected,36.13261,-114.65616
2018-01-15T10:18:00.000-08:00,Ronin Novelty Note 3,1927dd9e-0b37-46ff-ae67-7125c32fbba5,44,enabled,enabled,disabled,38.58916,-122.38351
2018-01-15T10:18:00.000-08:00,Ronin S1,b707f889-4d8f-48b6-aebd-02278196d383,59,enabled,enabled,enabled,38.0754,-119.61028
2018-01-15T10:18:00.000-08:00,Ronin S2,680803d1-40f2-410f-bfa0-3859e8eb449d,89,enabled,disabled,enabled,36.302307,-113.78373
2018-01-15T10:18:00.000-08:00,Ronin S4,6f24ee8d-372f-426e-9abe-839c86e6624c,36,enabled,connected,enabled,35.363087,-117.72149
2018-01-15T10:18:00.000-08:00,Sorrento F00L,74d1888a-365c-4267-bfcb-ac0a4545a0bb,70,enabled,enabled,enabled,33.90967,-118.28305
2018-01-15T10:18:00.000-08:00,Sorrento F11L,6697fa3e-9b96-4048-9c2d-727cad56bd40,72,enabled,disabled,disabled,38.04577,-121.90363
2018-01-15T10:18:00.000-08:00,Sorrento F20L,9f60c1a3-d6e7-4489-b1f3-18950f7b2bcb,89,enabled,enabled,enabled,34.573376,-118.18069
2018-01-15T10:18:00.000-08:00,Sorrento F22L,888bae88-f777-47df-bd1b-55f4c1b2e847,32,enabled,connected,connected,45.87565,-123.05609
2018-01-15T10:18:00.000-08:00,Sorrento F23L,50fdca69-9982-4ad6-9d27-a5b5e273df27,39,enabled,disabled,enabled,36.46739,-120.704735
2018-01-15T10:18:00.000-08:00,Sorrento F31L,b7709317-c85b-47a5-917d-5b082d49a53b,22,enabled,enabled,enabled,39.519516,-119.60354
2018-01-15T10:18:00.000-08:00,Sorrento F33L,ca75babe-1dc8-45dd-871a-1ace88699376,90,enabled,connected,enabled,36.310925,-114.79023
2018-01-15T10:18:00.000-08:00,Sorrento F41L,242a6275-a6c9-4b1f-a80e-6b31a9dba1f8,73,enabled,enabled,enabled,36.53355,-114.897484
2018-01-15T10:18:00.000-08:00,Sorrento F41L,822fc65b-0aeb-4a26-857e-9e7c5aaf61e0,37,enabled,disabled,enabled,34.50225,-117.658134
2018-01-15T10:18:00.000-08:00,Sorrento F41L,bf95f479-722f-4409-8c2b-c85025dee382,48,enabled,enabled,enabled,33.741234,-111.97607
2018-01-15T10:18:00.000-08:00,Sorrento F41L,69ba0758-f219-4bf6-8f79-92476ed87924,24,enabled,disabled,enabled,37.884117,-121.408554
2018-01-15T10:18:00.000-08:00,Sorrento F41L,8be4ede2-d235-44eb-95b1-7321b23993d1,44,enabled,enabled,enabled,36.49042,-121.07869
2018-01-15T10:18:00.000-08:00,Sorrento F41L,03571e21-1df0-4897-b360-87fd245d103d,62,enabled,disabled,enabled,33.210075,-116.52915
2018-01-15T10:18:00.000-08:00,Sorrento F41L,34b184ad-bb0f-46d7-b4e0-bfa6be288787,70,enabled,connected,disabled,35.822224,-120.231346
2018-01-15T10:18:00.000-08:00,Sorrento F41L,ea72f7eb-3e7a-443c-b058-8afbe6eb27a2,62,enabled,disabled,connected,34.6376,-119.56664
2018-01-15T10:18:00.000-08:00,Sorrento F41L,497e8662-6ebf-4ea4-8ca5-1c886a3dbc28,20,enabled,enabled,enabled,34.145493,-117.30095
2018-01-15T10:18:00.000-08:00,Sorrento F41L,9c279a07-f593-43ac-8dd2-d6a2c16ba4b9,38,enabled,connected,connected,35.157066,-114.19961
2018-01-15T10:18:00.000-08:00,Titanic 1100,78a9f9c7-e502-4b9a-b7f2-3dee0cc99d46,41,enabled,connected,enabled,34.238308,-117.6512
2018-01-15T10:18:00.000-08:00,Titanic 1100,b8ccd17e-5bfa-43ac-bf29-98bee791ec3e,9,disabled,disabled,enabled,0.0,0.0
2018-01-15T10:18:00.000-08:00,Titanic 1100,1620d616-421d-40d8-8c64-75b76e8980ad,1,enabled,disabled,enabled,41.9866,-124.104065
2018-01-15T10:18:00.000-08:00,Titanic 1100,9c3c3d96-a01c-4ce5-9a6c-284d1ba39f7a,34,enabled,disabled,enabled,35.71474,-120.36835
2018-01-15T10:18:00.000-08:00,Titanic 1100,01bd91e0-21ea-42f3-b64b-d886e40af3ac,18,enabled,enabled,enabled,34.040024,-118.130394
2018-01-15T10:18:00.000-08:00,Titanic 1100,87b153da-d095-4f1e-97a6-7bdbbdec7e06,61,enabled,enabled,enabled,34.96436,-115.56699
2018-01-15T10:18:00.000-08:00,Titanic 2100,6080ba7c-d34b-4dd9-b725-71a6c8680118,40,enabled,enabled,connected,37.79097,-121.63528
2018-01-15T10:18:00.000-08:00,Titanic 2100,2efb2ab7-3306-4102-981b-54221773b6ad,18,enabled,connected,connected,45.217686,-117.748436
